{"cameraMode":{"drawMode":0,"name":"Shaded","section":"Shading Mode"},"sceneLighting":false,"audioPlay":false,"sceneViewState":{"showFog":true,"showMaterialUpdate":false,"showSkybox":true,"showFlares":true,"showImageEffects":true,"showParticleSystems":true},"in2DMode":false,"pivot":{"x":-16.22823715209961,"y":7.177403450012207,"z":-19.492849349975587},"rotation":{"x":0.19520582258701325,"y":0.7812188267707825,"z":-0.3172026574611664,"w":0.5012171864509583},"size":6.951390743255615,"orthographic":false}