{"cameraMode":{"drawMode":0,"name":"Shaded","section":"Shading Mode"},"sceneLighting":false,"audioPlay":false,"sceneViewState":{"showFog":true,"showMaterialUpdate":false,"showSkybox":false,"showFlares":true,"showImageEffects":true,"showParticleSystems":true},"in2DMode":false,"pivot":{"x":-18.273662567138673,"y":-0.9744914770126343,"z":-14.88176155090332},"rotation":{"x":0.12848369777202607,"y":-0.7903127670288086,"z":0.16499337553977967,"w":0.5760716795921326},"size":6.951388359069824,"orthographic":false}