{"cameraMode":{"drawMode":0,"name":"Shaded","section":"Shading Mode"},"sceneLighting":false,"audioPlay":false,"sceneViewState":{"showFog":true,"showMaterialUpdate":false,"showSkybox":false,"showFlares":true,"showImageEffects":true,"showParticleSystems":true},"in2DMode":false,"pivot":{"x":1.025268793106079,"y":-0.47250115871429446,"z":-4.924398899078369},"rotation":{"x":-0.004056280013173819,"y":-0.9880120158195496,"z":0.13376235961914063,"w":-0.07832898199558258},"size":6.951387882232666,"orthographic":false}