{"cameraMode":{"drawMode":0,"name":"Shaded","section":"Shading Mode"},"sceneLighting":false,"audioPlay":false,"sceneViewState":{"showFog":true,"showMaterialUpdate":false,"showSkybox":false,"showFlares":true,"showImageEffects":true,"showParticleSystems":true},"in2DMode":false,"pivot":{"x":1.5320343971252442,"y":-1.7119797468185425,"z":-4.257639408111572},"rotation":{"x":-0.031144754961133004,"y":-0.9565183520317078,"z":0.25242307782173159,"w":-0.14352023601531983},"size":6.951387882232666,"orthographic":false}