{"cameraMode":{"drawMode":0,"name":"Shaded","section":"Shading Mode"},"sceneLighting":false,"audioPlay":false,"sceneViewState":{"showFog":true,"showMaterialUpdate":false,"showSkybox":false,"showFlares":true,"showImageEffects":true,"showParticleSystems":true},"in2DMode":false,"pivot":{"x":0.0,"y":1.4560000896453858,"z":0.10320037603378296},"rotation":{"x":-0.15277588367462159,"y":0.7324170470237732,"z":-0.17482341825962068,"w":-0.6400492787361145},"size":2.989872455596924,"orthographic":false}