{"cameraMode":{"drawMode":0,"name":"Shaded","section":"Shading Mode"},"sceneLighting":false,"audioPlay":false,"sceneViewState":{"showFog":true,"showMaterialUpdate":false,"showSkybox":false,"showFlares":true,"showImageEffects":true,"showParticleSystems":true},"in2DMode":false,"pivot":{"x":-14.709043502807618,"y":-1.580763816833496,"z":-32.913612365722659},"rotation":{"x":0.01057812012732029,"y":-0.9959033727645874,"z":0.06900092214345932,"w":0.05913449823856354},"size":22.0,"orthographic":false}