{"cameraMode":{"drawMode":0,"name":"Shaded","section":"Shading Mode"},"sceneLighting":true,"audioPlay":false,"sceneViewState":{"showFog":true,"showMaterialUpdate":false,"showSkybox":true,"showFlares":true,"showImageEffects":true,"showParticleSystems":true},"in2DMode":false,"pivot":{"x":-1.6985986232757569,"y":0.8911094069480896,"z":-11.598414421081543},"rotation":{"x":0.06021692976355553,"y":-0.043413158506155017,"z":0.002620610175654292,"w":0.9972485899925232},"size":10.795366287231446,"orthographic":false}