{"cameraMode":{"drawMode":0,"name":"Shaded","section":"Shading Mode"},"sceneLighting":false,"audioPlay":false,"sceneViewState":{"showFog":true,"showMaterialUpdate":false,"showSkybox":true,"showFlares":true,"showImageEffects":true,"showParticleSystems":true},"in2DMode":false,"pivot":{"x":-12.49491024017334,"y":5.680366516113281,"z":-6.556009769439697},"rotation":{"x":0.0967053547501564,"y":0.8937793374061585,"z":-0.26773643493652346,"w":0.34691956639289858},"size":6.951390743255615,"orthographic":false}